{"cameraMode":{"drawMode":0,"name":"Shaded","section":"Shading Mode"},"sceneLighting":true,"audioPlay":false,"sceneViewState":{"showFog":false,"showMaterialUpdate":false,"showSkybox":true,"showFlares":false,"showImageEffects":false,"showParticleSystems":false},"in2DMode":false,"pivot":{"x":-0.7061287760734558,"y":0.27055883407592776,"z":3.017179489135742},"rotation":{"x":-0.18375100195407868,"y":0.00943367462605238,"z":-0.0017635503318160773,"w":-0.9829267263412476},"size":5.196939468383789,"orthographic":false}